UserID,Circle,City,RSU,LCO Name,LCO ID,Partner Name,Serial NO.,OLT Type,Secondary Splitter,Fatbox,Chasis No.,Rx_Power,Current Subrack,Current PON Port,Current Slot,ABD Subrack,ABD PON Port,ABD Slot,Fiber Cable Used,HP Count,Inventory,Network Type,Status,Category Type,Sub Category Type,Remarks,FAT-Lat,FAT-Long,AT-Lat,AT-Long,Distance,Address,Entry Datetime,Inventory ADD-Datetime,Status Update Datetime,AT Update Count,Status Updated By
7702642465,AP,Rajahmundry,WYF,Siva Fiber Good Network,LCORAJAH0002,Conexgen Technologies Pvt Ltd,RLGM3B55A810,nokia,WYF14010501,WYF140105,L2,-17.8dBm,1,6,1,1,6,1,12F,8,"FAT 16F, 1x8 Cassette Splitter, Pigtail 1.5m",LCO,AT OK,,,NEW,16.95523628,81.79750778,16.9552005,81.7974442,7.85,"XQ4W3W6, Industrial Estate, Dhavaleswaram, Dowlaiswaram, Andhra Pradesh 533124, India",19-02-2026 12:16,14-02-2026 09:03,19-02-2026 14:32,0,7018998445
7702642465,AP,Rajahmundry,WYF,Siva Fiber Good Network,LCORAJAH0002,Conexgen Technologies Pvt Ltd,RLGM3B55A810,nokia,WYF14010601,WYF140106,L2,-17.9dBm,1,6,1,1,6,1,12F,8,"FAT 16F, 1x8 Cassette Splitter, Pigtail 1.5m",LCO,AT OK,,,NEW,16.95565223,81.79683555,16.955716,81.7968153,7.41,"Sri Jesta Transfo Electricals, Plot no - F2, Industrial Estate, Dhavaleswaram, Dowlaiswaram, Andhra Pradesh 533124, India",19-02-2026 11:59,14-02-2026 09:03,19-02-2026 14:33,0,7018998445
7702642465,AP,Rajahmundry,WYF,Siva Fiber Good Network,LCORAJAH0002,Conexgen Technologies Pvt Ltd,RLGM3B55A810,nokia,WYF34010201,WYF340102,L4,-20.4dBm,1,7,1,1,7,1,12F,16,"FAT 16F, 1x16 Cassette Splitter, Pigtail 1.5m",LCO,AT OK,,,NEW HR,16.95351891,81.80258621,16.9536519,81.8026207,15.24,"Backside collector office, Gayathri Nagar, Bommuru, Dowlaiswaram, Andhra Pradesh 533124, India",19-02-2026 09:55,14-02-2026 09:03,19-02-2026 14:34,0,7018998445
7702642465,AP,Rajahmundry,WYF,Siva Fiber Good Network,LCORAJAH0002,Conexgen Technologies Pvt Ltd,RLGM3B55A810,nokia,WYF34010101,WYF340101,L4,-20dBm,1,7,1,1,7,1,12F,16,"FAT 16F, 1x16 Cassette Splitter, Pigtail 1.5m",LCO,AT OK,,,NEW,16.95361224,81.80257682,16.9534907,81.8025237,14.65,"Backside collector office, Gayathri Nagar, Bommuru, Dowlaiswaram, Andhra Pradesh 533124, India",19-02-2026 09:43,14-02-2026 09:03,19-02-2026 14:34,0,7018998445
7702642465,AP,Rajahmundry,WYF,Siva Fiber Good Network,LCORAJAH0002,Conexgen Technologies Pvt Ltd,RLGM3B55A810,nokia,WYF27010501,WYF270105,L4,-20.9dBm,1,1,1,1,1,1,12F,16,"FAT 16F, 1x16 Cassette Splitter, Pigtail 1.5m",LCO,AT OK,,,NEW,16.95331302,81.79977391,16.9532544,81.799769,6.54,"XR32X73, Gayathri Nagar, Bommuru, Dowlaiswaram, Andhra Pradesh 533124, India",19-02-2026 07:16,14-02-2026 09:03,19-02-2026 14:35,0,7018998445
7702642465,AP,Rajahmundry,WYF,Siva Fiber Good Network,LCORAJAH0002,Conexgen Technologies Pvt Ltd,RLGM3B55A810,nokia,WYF27010301,WYF270103,L4,-20.8dBm,1,1,1,1,1,1,12F,16,"FAT 16F, 1x16 Cassette Splitter, Pigtail 1.5m",LCO,AT OK,,,NEW,16.95312444,81.80035528,16.9530816,81.8003457,4.87,"XR32X73, Gayathri Nagar, Bommuru, Dowlaiswaram, Andhra Pradesh 533124, India",19-02-2026 07:02,14-02-2026 09:03,19-02-2026 14:35,0,7018998445
7702642465,AP,Rajahmundry,WYF,Siva Fiber Good Network,LCORAJAH0002,Conexgen Technologies Pvt Ltd,RLGM3B55A810,nokia,WYF13010101,WYF130101,L2,-19.1dBm,1,5,1,1,5,1,12F,8,"FAT 16F, 1x8 Cassette Splitter, Pigtail 1.5m",LCO,AT OK,,,new,16.95600404,81.80183552,16.9560182,81.8017241,11.95,"XR429FG, Gayathri Nagar, Bommuru, Dowlaiswaram, Andhra Pradesh 533124, India",18-02-2026 12:41,14-02-2026 09:03,18-02-2026 14:35,1,7018998445
7702642465,AP,Rajahmundry,WYF,Siva Fiber Good Network,LCORAJAH0002,Conexgen Technologies Pvt Ltd,RLGM3B55A810,nokia,WYF28010401,WYF280104,L4,-19.7dBm,1,2,1,1,2,1,12F,16,"FAT 16F, 1x16 Cassette Splitter, Pigtail 1.5m",LCO,AT OK,,,NEW,16.95314625,81.80007566,16.9531601,81.8000864,1.92,"XR32X73, Gayathri Nagar, Bommuru, Dowlaiswaram, Andhra Pradesh 533124, India",18-02-2026 11:49,14-02-2026 09:03,18-02-2026 11:57,0,9871290334
7702642465,AP,Rajahmundry,WYF,Siva Fiber Good Network,LCORAJAH0002,Conexgen Technologies Pvt Ltd,RLGM3B55A810,nokia,WYF16010101,WYF160101,L2,-19.6dBm,1,8,1,1,8,1,12F,16,"FAT 16F, 1x16 Cassette Splitter, Pigtail 1.5m",LCO,AT OK,,,NEW HR/WALL,16.95515643,81.79983493,16.9551508,81.7998446,1.2,"XR32X73, Gayathri Nagar, Bommuru, Dowlaiswaram, Andhra Pradesh 533124, India",19-02-2026 10:25,14-02-2026 09:03,19-02-2026 14:33,1,7018998445
7702642465,AP,Rajahmundry,WYF,Siva Fiber Good Network,LCORAJAH0002,Conexgen Technologies Pvt Ltd,RLGM3B55A810,nokia,WYF24010101,WYF240101,L3,-19.7dBm,1,7,1,1,7,1,12F,16,"FAT 16F, 1x16 Cassette Splitter, Pigtail 1.5m",LCO,AT OK,,,new,16.95540241,81.80078644,16.95544,81.8008459,7.58,"XR4239M, Gayathri Nagar, Dhavaleswaram, Dowlaiswaram, Andhra Pradesh 533124, India",18-02-2026 11:18,14-02-2026 09:03,18-02-2026 14:36,0,7018998445
7702642465,AP,Rajahmundry,WYF,Siva Fiber Good Network,LCORAJAH0002,Conexgen Technologies Pvt Ltd,RLGM3B55A810,nokia,WYF14010701,WYF140107,L2,-18.4dBm,1,6,1,1,6,1,12F,8,"FAT 16F, 1x8 Cassette Splitter, Pigtail 1.5m",LCO,AT OK,,,new,16.95698154,81.79736998,16.9570088,81.7972763,10.41,"XQ4WPWF, Industrial Estate, Dhavaleswaram, Dowlaiswaram, Andhra Pradesh 533124, India",18-02-2026 08:16,14-02-2026 09:03,18-02-2026 14:37,0,7018998445
7702642465,AP,Rajahmundry,WYF,Siva Fiber Good Network,LCORAJAH0002,Conexgen Technologies Pvt Ltd,RLGM3B55A810,nokia,WYF14010401,WYF140104,L2,-18.2dBm,1,6,1,1,6,1,12F,8,"FAT 16F, 1x8 Cassette Splitter, Pigtail 1.5m",LCO,AT OK,,,new,16.95647611,81.79803751,16.9564605,81.7979257,12.02,"C-1 industrial estate, E.G, D.T, Dhavaleswaram, Dowlaiswaram, Andhra Pradesh 533124, India",18-02-2026 08:22,14-02-2026 09:03,18-02-2026 14:37,1,7018998445
7702642465,AP,Rajahmundry,WYF,Siva Fiber Good Network,LCORAJAH0002,Conexgen Technologies Pvt Ltd,RLGM3B55A810,nokia,WYF14010101,WYF140101,L2,-18.4dBm,1,6,1,1,6,1,12F,8,"FAT 16F, 1x8 Cassette Splitter, Pigtail 1.5m",LCO,AT OK,,,new,16.95577859,81.7984204,16.9558556,81.7983284,13,"XQ4XFGV, Industrial Colony Rd, Dowlaiswaram Industrial Estate, VGTPS Colony, Dhavaleswaram, Dowlaiswaram, Andhra Pradesh 533124, India",18-02-2026 08:26,14-02-2026 09:03,18-02-2026 14:36,1,7018998445
7702642465,AP,Rajahmundry,WYF,Siva Fiber Good Network,LCORAJAH0002,Conexgen Technologies Pvt Ltd,RLGM3B55A810,nokia,WYF14010201,WYF140102,L2,-20.4dBm,1,6,1,1,6,1,12F,8,"FAT 16F, 1x8 Cassette Splitter, Pigtail 1.5m",LCO,AT OK,,,new,16.95490916,81.79847807,16.9548613,81.7986525,19.3,"XQ4X2CM, Cotton Peta Road, Cotton Peta, Dhavaleswaram, Dowlaiswaram, Andhra Pradesh 533124, India",18-02-2026 08:33,14-02-2026 09:03,18-02-2026 14:36,1,7018998445
7702642465,AP,Rajahmundry,WYF,Siva Fiber Good Network,LCORAJAH0002,Conexgen Technologies Pvt Ltd,RLGM3B55A810,nokia,WYF14010301,WYF140103,L2,-18.6dBm,1,6,1,1,6,1,12F,8,"FAT 16F, 1x8 Cassette Splitter, Pigtail 1.5m",LCO,AT OK,,,new,16.95626349,81.79929614,16.956287,81.7992357,6.94,"BF Meat exports, Industrial Estate, Dhavaleswaram, Dowlaiswaram, Andhra Pradesh 533124, India",18-02-2026 08:42,14-02-2026 09:03,18-02-2026 14:36,1,7018998445
7702642465,AP,Rajahmundry,WYF,Siva Fiber Good Network,LCORAJAH0002,Conexgen Technologies Pvt Ltd,RLGM3B55A810,nokia,WYF25010501,WYF250105,L1,-19.8dBm,1,13,1,1,13,1,12F,16,"FAT 16F, 1x16 Cassette Splitter, Pigtail 1.5m",LCO,AT OK,,,new,16.95590302,81.80046089,16.9559057,81.8005299,7.35,"XR429FG, Gayathri Nagar, Bommuru, Dowlaiswaram, Andhra Pradesh 533124, India",17-02-2026 19:23,14-02-2026 09:03,18-02-2026 14:37,0,7018998445
7702642465,AP,Rajahmundry,WYF,Siva Fiber Good Network,LCORAJAH0002,Conexgen Technologies Pvt Ltd,RLGM3B55A810,nokia,WYF25010601,WYF250106,L1,-19.8dBm,1,13,1,1,13,1,12F,16,"FAT 16F, 1x16 Cassette Splitter, Pigtail 1.5m",LCO,AT OK,,,new,16.9558097,81.80042803,16.9557332,81.8004741,9.82,"XR4239M, Gayathri Nagar, Dhavaleswaram, Dowlaiswaram, Andhra Pradesh 533124, India",17-02-2026 19:21,14-02-2026 09:03,18-02-2026 14:37,0,7018998445
7702642465,AP,Rajahmundry,WYF,Siva Fiber Good Network,LCORAJAH0002,Conexgen Technologies Pvt Ltd,RLGM3B55A810,nokia,WYF25010801,WYF250108,L1,-20.6dBm,1,13,1,1,13,1,12F,16,"FAT 16F, 1x16 Cassette Splitter, Pigtail 1.5m",LCO,AT OK,,,new,16.9559569,81.8003023,16.9559397,81.8003772,8.19,"XR429FG, Gayathri Nagar, Bommuru, Dowlaiswaram, Andhra Pradesh 533124, India",17-02-2026 19:13,14-02-2026 09:03,18-02-2026 14:37,0,7018998445
7702642465,AP,Rajahmundry,WYF,Siva Fiber Good Network,LCORAJAH0002,Conexgen Technologies Pvt Ltd,RLGM3B55A810,nokia,WYF25010201,WYF250102,L1,-21.6dBm,1,13,1,1,13,1,12F,16,"FAT 16F, 1x16 Cassette Splitter, Pigtail 1.5m",LCO,AT OK,,,new,16.95606594,81.80052761,16.9559584,81.8005356,11.99,"XR429FG, Gayathri Nagar, Bommuru, Dowlaiswaram, Andhra Pradesh 533124, India",17-02-2026 19:10,14-02-2026 09:03,18-02-2026 14:38,0,7018998445
7702642465,AP,Rajahmundry,WYF,Siva Fiber Good Network,LCORAJAH0002,Conexgen Technologies Pvt Ltd,RLGM3B55A810,nokia,WYF25010701,WYF250107,L1,-20.6dBm,1,13,1,1,13,1,12F,16,"FAT 16F, 1x16 Cassette Splitter, Pigtail 1.5m",LCO,AT OK,,,new,16.9558639,81.80027012,16.9559206,81.800358,11.27,"XR429FG, Gayathri Nagar, Bommuru, Dowlaiswaram, Andhra Pradesh 533124, India",17-02-2026 19:10,14-02-2026 09:03,18-02-2026 14:38,0,7018998445
7702642465,AP,Rajahmundry,WYF,Siva Fiber Good Network,LCORAJAH0002,Conexgen Technologies Pvt Ltd,RLGM3B55A810,nokia,WYF25010101,WYF250101,L1,-21.8dBm,1,13,1,1,13,1,12F,16,"FAT 16F, 1x16 Cassette Splitter, Pigtail 1.5m",LCO,AT OK,,,new,16.95616215,81.80055276,16.9561407,81.8006235,7.89,"Opp. Horlicks Factory, near Tidco Apartments, Gayathri Nagar, Revenue Colony, Dowlaiswaram, 533124, India",17-02-2026 18:59,14-02-2026 09:03,18-02-2026 14:38,0,7018998445
7702642465,AP,Rajahmundry,WYF,Siva Fiber Good Network,LCORAJAH0002,Conexgen Technologies Pvt Ltd,RLGM3B55A810,nokia,WYF25010301,WYF250103,L1,-18.1dBm,1,13,1,1,13,1,12F,16,"FAT 16F, 1x16 Cassette Splitter, Pigtail 1.5m",LCO,AT OK,,,new HR,16.95611725,81.80035427,16.9560793,81.8003973,6.22,"XR429FG, Gayathri Nagar, Bommuru, Dowlaiswaram, Andhra Pradesh 533124, India",17-02-2026 18:49,14-02-2026 09:03,17-02-2026 18:56,0,6005618032
7702642465,AP,Rajahmundry,WYF,Siva Fiber Good Network,LCORAJAH0002,Conexgen Technologies Pvt Ltd,RLGM3B55A810,nokia,WYF25010401,WYF250104,L1,-21.4dBm,1,13,1,1,13,1,12F,16,"FAT 16F, 1x16 Cassette Splitter, Pigtail 1.5m",LCO,AT OK,,,NEW HR,16.9562032,81.80037875,16.9562316,81.8003942,3.56,"XR42Q85, Industrial Estate, Dhavaleswaram, Dowlaiswaram, Andhra Pradesh 533124, India",17-02-2026 18:48,14-02-2026 09:03,17-02-2026 18:56,0,6005618032
7702642465,AP,Rajahmundry,WYF,Siva Fiber Good Network,LCORAJAH0002,Conexgen Technologies Pvt Ltd,RLGM3B55A810,nokia,WYF37010701,WYF370107,L4,-18.1dBm,1,16,1,1,16,1,12F,8,"FAT 16F, 1x8 Cassette Splitter, Pigtail 1.5m",LCO,AT OK,,,new fat,16.95578981,81.80127561,16.955745,81.8012033,9.16,"XR429FG, Gayathri Nagar, Bommuru, Dowlaiswaram, Andhra Pradesh 533124, India",17-02-2026 18:00,14-02-2026 09:03,17-02-2026 18:00,0,7973159454
7702642465,AP,Rajahmundry,WYF,Siva Fiber Good Network,LCORAJAH0002,Conexgen Technologies Pvt Ltd,RLGM3B55A810,nokia,WYF13010201,WYF130102,L2,-19.2dBm,1,5,1,1,5,1,12F,8,"FAT 16F, 1x8 Cassette Splitter, Pigtail 1.5m",LCO,AT OK,,,new,16.95622821,81.80141442,16.9562339,81.8013708,4.68,"XR429FG, Gayathri Nagar, Bommuru, Dowlaiswaram, Andhra Pradesh 533124, India",18-02-2026 12:11,14-02-2026 09:03,18-02-2026 14:35,1,7018998445
7702642465,AP,Rajahmundry,WYF,Siva Fiber Good Network,LCORAJAH0002,Conexgen Technologies Pvt Ltd,RLGM3B55A810,nokia,WYF13010501,WYF130105,L2,-18.3dBm,1,5,1,1,5,1,12F,16,"FAT 16F, 1x16 Cassette Splitter, Pigtail 1.5m",LCO,AT OK,,,NEW,16.95615638,81.80290572,16.9561733,81.802885,2.9,"XR43C5, Gayathri Nagar, Dhavaleswaram, Dowlaiswaram, Andhra Pradesh 533124, India",17-02-2026 17:39,14-02-2026 09:03,17-02-2026 18:57,0,6005618032
7702642465,AP,Rajahmundry,WYF,Siva Fiber Good Network,LCORAJAH0002,Conexgen Technologies Pvt Ltd,RLGM3B55A810,nokia,WYF02010101,WYF020101,L1,-19.4dBm,1,2,1,1,2,1,12F,16,"FAT 16F, 1x16 Cassette Splitter, Pigtail 1.5m",LCO,AT OK,,,NEW,16.96064742,81.80218656,16.9606538,81.8021587,3.05,"XR624V4, Industrial Estate, Dhavaleswaram, Dowlaiswaram, Andhra Pradesh 533124, India",17-02-2026 17:29,14-02-2026 09:03,17-02-2026 18:57,0,6005618032
7702642465,AP,Rajahmundry,WYF,Siva Fiber Good Network,LCORAJAH0002,Conexgen Technologies Pvt Ltd,RLGM3B55A810,nokia,WYF02010701,WYF020107,L1,-19.3dBm,1,2,1,1,2,1,12F,16,"FAT 16F, 1x16 Cassette Splitter, Pigtail 1.5m",LCO,AT OK,,,NEW,16.96005863,81.80246919,16.9600503,81.8024341,3.85,"F-8, Industrial Estate, Dhavaleswaram, Dowlaiswaram, Andhra Pradesh 533124, India",17-02-2026 17:15,14-02-2026 09:03,17-02-2026 18:58,0,6005618032
7702642465,AP,Rajahmundry,WYF,Siva Fiber Good Network,LCORAJAH0002,Conexgen Technologies Pvt Ltd,RLGM3B55A810,nokia,WYF24010201,WYF240102,L3,-19.9dBm,1,7,1,1,7,1,12F,16,"FAT 16F, 1x16 Cassette Splitter, Pigtail 1.5m",LCO,AT OK,,,NEW FAT,16.95532095,81.80075325,16.9552846,81.800765,4.23,"XR4239M, Gayathri Nagar, Dhavaleswaram, Dowlaiswaram, Andhra Pradesh 533124, India",17-02-2026 09:45,14-02-2026 09:03,17-02-2026 10:13,0,9810837508
7702642465,AP,Rajahmundry,WYF,Siva Fiber Good Network,LCORAJAH0002,Conexgen Technologies Pvt Ltd,RLGM3B55A810,nokia,WYF24010301,WYF240103,L3,-19.8dBm,1,7,1,1,7,1,12F,16,"FAT 16F, 1x16 Cassette Splitter, Pigtail 1.5m",LCO,AT OK,,,NEW FAT,16.95536585,81.80059232,16.9553314,81.8005478,6.09,"XR4239M, Gayathri Nagar, Dhavaleswaram, Dowlaiswaram, Andhra Pradesh 533124, India",17-02-2026 09:36,14-02-2026 09:03,17-02-2026 10:14,0,9810837508
7702642465,AP,Rajahmundry,WYF,Siva Fiber Good Network,LCORAJAH0002,Conexgen Technologies Pvt Ltd,RLGM3B55A810,nokia,WYF24010401,WYF240104,L3,-20.6dBm,1,7,1,1,7,1,12F,16,"FAT 16F, 1x16 Cassette Splitter, Pigtail 1.5m",LCO,AT OK,,,NEW FAT,16.95546013,81.8006302,16.955481,81.8006223,2.47,"XR4239M, Gayathri Nagar, Dhavaleswaram, Dowlaiswaram, Andhra Pradesh 533124, India",17-02-2026 09:29,14-02-2026 09:03,17-02-2026 10:14,0,9810837508
7702642465,AP,Rajahmundry,WYF,Siva Fiber Good Network,LCORAJAH0002,Conexgen Technologies Pvt Ltd,RLGM3B55A810,nokia,WYF24010601,WYF240106,L3,-20.6dBm,1,7,1,1,7,1,12F,16,"FAT 16F, 1x16 Cassette Splitter, Pigtail 1.5m",LCO,AT OK,,,NEW FAT,16.95506727,81.80068754,16.955029,81.8007135,5.07,"XR32X73, Gayathri Nagar, Bommuru, Dowlaiswaram, Andhra Pradesh 533124, India",17-02-2026 09:21,14-02-2026 09:03,17-02-2026 10:14,0,9810837508
7702642465,AP,Rajahmundry,WYF,Siva Fiber Good Network,LCORAJAH0002,Conexgen Technologies Pvt Ltd,RLGM3B55A810,nokia,WYF24010501,WYF240105,L3,-20.7dBm,1,7,1,1,7,1,12F,16,"FAT 16F, 1x16 Cassette Splitter, Pigtail 1.5m",LCO,AT OK,,,NEW FAT,16.95514937,81.80071972,16.9551934,81.8007559,6.23,"XR4239M, Gayathri Nagar, Dhavaleswaram, Dowlaiswaram, Andhra Pradesh 533124, India",17-02-2026 09:19,14-02-2026 09:03,17-02-2026 10:15,0,9810837508
7702642465,AP,Rajahmundry,WYF,Siva Fiber Good Network,LCORAJAH0002,Conexgen Technologies Pvt Ltd,RLGM3B55A810,nokia,WYF16010301,WYF160103,L2,-19.9dBm,1,8,1,1,8,1,12F,16,"FAT 16F, 1x16 Cassette Splitter, Pigtail 1.5m",LCO,AT OK,,,NEW FAT,16.95486844,81.80044379,16.9549022,81.8004164,4.75,"XR32X73, Gayathri Nagar, Bommuru, Dowlaiswaram, Andhra Pradesh 533124, India",17-02-2026 08:43,14-02-2026 09:03,17-02-2026 10:15,0,9810837508
7702642465,AP,Rajahmundry,WYF,Siva Fiber Good Network,LCORAJAH0002,Conexgen Technologies Pvt Ltd,RLGM3B55A810,nokia,WYF16010501,WYF160105,L2,-19.7dBm,1,8,1,1,8,1,12F,16,"FAT 16F, 1x16 Cassette Splitter, Pigtail 1.5m",LCO,AT OK,,,NEW HR WALL,16.95472572,81.80056885,16.954815,81.8006126,10.96,"XR32X73, Gayathri Nagar, Bommuru, Dowlaiswaram, Andhra Pradesh 533124, India",19-02-2026 10:16,14-02-2026 09:03,19-02-2026 14:33,2,7018998445
7702642465,AP,Rajahmundry,WYF,Siva Fiber Good Network,LCORAJAH0002,Conexgen Technologies Pvt Ltd,RLGM3B55A810,nokia,WYF16010401,WYF160104,L2,-19.9dBm,1,8,1,1,8,1,12F,16,"FAT 16F, 1x16 Cassette Splitter, Pigtail 1.5m",LCO,AT OK,,,NEW FAT,16.95482225,81.80060573,16.9548948,81.8006374,8.74,"XR32X73, Gayathri Nagar, Bommuru, Dowlaiswaram, Andhra Pradesh 533124, India",17-02-2026 08:28,14-02-2026 09:03,17-02-2026 10:16,0,9810837508
7702642465,AP,Rajahmundry,WYF,Siva Fiber Good Network,LCORAJAH0002,Conexgen Technologies Pvt Ltd,RLGM3B55A810,nokia,WYF06010201,WYF060102,L1,-22dBm,1,6,1,1,6,1,12F,16,"FAT 16F, 1x16 Cassette Splitter, Pigtail 1.5m",LCO,AT OK,,,NEW FAT,16.95826433,81.79935649,16.9582572,81.799302,5.85,"XQ4XXRH, Industrial Estate, Dhavaleswaram, Dowlaiswaram, Andhra Pradesh 533124, India",17-02-2026 08:04,14-02-2026 09:03,17-02-2026 10:16,0,9810837508
7702642465,AP,Rajahmundry,WYF,Siva Fiber Good Network,LCORAJAH0002,Conexgen Technologies Pvt Ltd,RLGM3B55A810,nokia,WYF06010501,WYF060105,L1,-21.9dBm,1,6,1,1,6,1,12F,16,"FAT 16F, 1x16 Cassette Splitter, Pigtail 1.5m",LCO,AT OK,,,NEW FAT,16.95794716,81.79945707,16.9579873,81.7994328,5.16,"C13 our community appartment, Industrial Estate, Bommuru, Dowlaiswaram, Andhra Pradesh 533124, India",17-02-2026 07:53,14-02-2026 09:03,17-02-2026 10:16,0,9810837508
7702642465,AP,Rajahmundry,WYF,Siva Fiber Good Network,LCORAJAH0002,Conexgen Technologies Pvt Ltd,RLGM3B55A810,nokia,WYF06010601,WYF060106,L1,-21.8dBm,1,6,1,1,6,1,12F,16,"FAT 16F, 1x16 Cassette Splitter, Pigtail 1.5m",LCO,AT OK,,,NEW FAT,16.95804337,81.79950166,16.9580464,81.7993479,16.36,"C13 our community appartment, Industrial Estate, Bommuru, Dowlaiswaram, Andhra Pradesh 533124, India",17-02-2026 07:50,14-02-2026 09:03,17-02-2026 10:16,0,9810837508
7702642465,AP,Rajahmundry,WYF,Siva Fiber Good Network,LCORAJAH0002,Conexgen Technologies Pvt Ltd,RLGM3B55A810,nokia,WYF06010401,WYF060104,L1,-21.8dBm,1,6,1,1,6,1,12F,16,"FAT 16F, 1x16 Cassette Splitter, Pigtail 1.5m",LCO,AT OK,,,NEW FAT,16.9579927,81.7992834,16.958028,81.799215,8.27,"C13 our community appartment, Industrial Estate, Bommuru, Dowlaiswaram, Andhra Pradesh 533124, India",17-02-2026 07:44,14-02-2026 09:03,17-02-2026 10:17,0,9810837508
7702642465,AP,Rajahmundry,WYF,Siva Fiber Good Network,LCORAJAH0002,Conexgen Technologies Pvt Ltd,RLGM3B55A810,nokia,WYF06010301,WYF060103,L1,-21.6dBm,1,6,1,1,6,1,12F,16,"FAT 16F, 1x16 Cassette Splitter, Pigtail 1.5m",LCO,AT OK,,,NEW FAT,16.9581136,81.79930385,16.9581709,81.79925,8.57,"XQ4XXRH, Industrial Estate, Dhavaleswaram, Dowlaiswaram, Andhra Pradesh 533124, India",17-02-2026 07:41,14-02-2026 09:03,17-02-2026 10:18,0,9810837508
7702642465,AP,Rajahmundry,WYF,Siva Fiber Good Network,LCORAJAH0002,Conexgen Technologies Pvt Ltd,RLGM3B55A810,nokia,WYF06010101,WYF060101,L1,-21.4dBm,1,6,1,1,6,1,12F,16,"FAT 16F, 1x16 Cassette Splitter, Pigtail 1.5m",LCO,AT OK,,,NEW FAT,16.95838235,81.79939941,16.9584072,81.7993699,4.18,"XQ4XXRH, Industrial Estate, Dhavaleswaram, Dowlaiswaram, Andhra Pradesh 533124, India",17-02-2026 07:35,14-02-2026 09:03,17-02-2026 10:18,0,9810837508
7702642465,AP,Rajahmundry,WYF,Siva Fiber Good Network,LCORAJAH0002,Conexgen Technologies Pvt Ltd,RLGM3B55A810,nokia,WYF10010301,WYF100103,L2,-19.6dBm,1,2,1,1,2,1,12F,16,"FAT 16F, 1x16 Cassette Splitter, Pigtail 1.5m",LCO,AT OK,,,new,16.95732308,81.79952614,16.9573356,81.7995814,6.04,"XQ4XXRH, Industrial Estate, Dhavaleswaram, Dowlaiswaram, Andhra Pradesh 533124, India",16-02-2026 20:47,14-02-2026 09:03,16-02-2026 20:48,0,7488521164
7702642465,AP,Rajahmundry,WYF,Siva Fiber Good Network,LCORAJAH0002,Conexgen Technologies Pvt Ltd,RLGM3B55A810,nokia,WYF10010601,WYF100106,L2,-21.1dBm,1,2,1,1,2,1,12F,16,"FAT 16F, 1x16 Cassette Splitter, Pigtail 1.5m",LCO,AT OK,,,new,16.95759055,81.79961063,16.9576356,81.7996615,7.37,"XQ4XXRH, Industrial Estate, Dhavaleswaram, Dowlaiswaram, Andhra Pradesh 533124, India",16-02-2026 20:34,14-02-2026 09:03,16-02-2026 20:48,0,7488521164
7702642465,AP,Rajahmundry,WYF,Siva Fiber Good Network,LCORAJAH0002,Conexgen Technologies Pvt Ltd,RLGM3B55A810,nokia,WYF10010501,WYF100105,L2,-19.6dBm,1,2,1,1,2,1,12F,16,"FAT 16F, 1x16 Cassette Splitter, Pigtail 1.5m",LCO,AT OK,,,NEW FAT,16.95748568,81.79958213,16.9574713,81.7995069,8.16,"XQ4XXRH, Industrial Estate, Dhavaleswaram, Dowlaiswaram, Andhra Pradesh 533124, India",16-02-2026 20:29,14-02-2026 09:03,16-02-2026 20:29,0,9810837508
7989157884,AP,Rajahmundry,WYF,Siva Fiber Good Network,LCORAJAH0002,Conexgen Technologies Pvt Ltd,RLGM3B55A810,nokia,WYF10010701,WYF100107,L2,-19.6dBm,1,2,1,1,2,1,12F,16,"FAT 16F, 1x16 Cassette Splitter, Pigtail 1.5m",LCO,AT OK,,,NEW FAT,16.95753699,81.79980308,16.9574286,81.7997925,12.1,"XQ4XXWR, Industrial Estate, Dhavaleswaram, Dowlaiswaram, Andhra Pradesh 533124, India",16-02-2026 20:15,14-02-2026 09:03,16-02-2026 20:29,0,9810837508
7702642465,AP,Rajahmundry,WYF,Siva Fiber Good Network,LCORAJAH0002,Conexgen Technologies Pvt Ltd,RLGM3B55A810,nokia,WYF10010101,WYF100101,L2,-19.6dBm,1,2,1,1,2,1,12F,16,"FAT 16F, 1x16 Cassette Splitter, Pigtail 1.5m",LCO,AT OK,,,NEW FAT,16.95715247,81.79965388,16.9571402,81.7996937,4.45,"XQ4XXRH, Industrial Estate, Dhavaleswaram, Dowlaiswaram, Andhra Pradesh 533124, India",16-02-2026 20:03,14-02-2026 09:03,16-02-2026 20:29,0,9810837508
7702642465,AP,Rajahmundry,WYF,Siva Fiber Good Network,LCORAJAH0002,Conexgen Technologies Pvt Ltd,RLGM3B55A810,nokia,WYF10010401,WYF100104,L2,-19.7dBm,1,2,1,1,2,1,12F,16,"FAT 16F, 1x16 Cassette Splitter, Pigtail 1.5m",LCO,AT OK,,,NEW FAT,16.95721084,81.79948356,16.9571803,81.7993162,18.12,"XQ4XXRH, Industrial Estate, Dhavaleswaram, Dowlaiswaram, Andhra Pradesh 533124, India",16-02-2026 19:55,14-02-2026 09:03,16-02-2026 20:30,0,9810837508
7702642465,AP,Rajahmundry,WYF,Siva Fiber Good Network,LCORAJAH0002,Conexgen Technologies Pvt Ltd,RLGM3B55A810,nokia,WYF28010601,WYF280106,L4,-22dBm,1,2,1,1,2,1,12F,16,"FAT 16F, 1x16 Cassette Splitter, Pigtail 1.5m",LCO,AT OK,,,NEW FAT,16.95328768,81.79959454,16.9533283,81.799595,4.52,"XR32X73, Gayathri Nagar, Bommuru, Dowlaiswaram, Andhra Pradesh 533124, India",16-02-2026 18:25,14-02-2026 09:03,16-02-2026 20:30,0,9810837508
7702642465,AP,Rajahmundry,WYF,Siva Fiber Good Network,LCORAJAH0002,Conexgen Technologies Pvt Ltd,RLGM3B55A810,nokia,WYF29010301,WYF290103,L4,-20.5dBm,1,3,1,1,3,1,12F,16,"FAT 16F, 1x16 Cassette Splitter, Pigtail 1.5m",LCO,AT OK,,,NEW FAT,16.95282234,81.80104528,16.9528801,81.8010118,7.34,"XR3325V, Rajavolu Kotturu Rd, Gayathri Nagar, Dhavaleswaram, Dowlaiswaram, Andhra Pradesh 533124, India",16-02-2026 17:58,14-02-2026 09:03,16-02-2026 20:30,0,9810837508
7702642465,AP,Rajahmundry,WYF,Siva Fiber Good Network,LCORAJAH0002,Conexgen Technologies Pvt Ltd,RLGM3B55A810,nokia,WYF19010401,WYF190104,L3,-21.3dBm,1,3,1,1,3,1,12F,16,"FAT 16F, 1x16 Cassette Splitter, Pigtail 1.5m",LCO,AT OK,,,NEW FAT,16.95338967,81.80227775,16.9534733,81.8022367,10.27,"XR3325V, Rajavolu Kotturu Rd, Gayathri Nagar, Dhavaleswaram, Dowlaiswaram, Andhra Pradesh 533124, India",16-02-2026 17:48,14-02-2026 09:03,16-02-2026 20:31,0,9810837508
7702642465,AP,Rajahmundry,WYF,Siva Fiber Good Network,LCORAJAH0002,Conexgen Technologies Pvt Ltd,RLGM3B55A810,nokia,WYF19010301,WYF190103,L3,-22dBm,1,3,1,1,3,1,12F,16,"FAT 16F, 1x16 Cassette Splitter, Pigtail 1.5m",LCO,AT OK,,,NEW FAT,16.95341019,81.80219997,16.9534631,81.8021442,8.35,"XR3325V, Rajavolu Kotturu Rd, Gayathri Nagar, Dhavaleswaram, Dowlaiswaram, Andhra Pradesh 533124, India",16-02-2026 17:37,14-02-2026 09:03,16-02-2026 20:32,0,9810837508
7702642465,AP,Rajahmundry,WYF,Siva Fiber Good Network,LCORAJAH0002,Conexgen Technologies Pvt Ltd,RLGM3B55A810,nokia,WYF18010201,WYF180102,L3,-20.4dBm,1,2,1,1,2,1,12F,16,"FAT 16F, 1x16 Cassette Splitter, Pigtail 1.5m",LCO,AT OK,,,NEW FAT,16.95353206,81.801803,16.9536273,81.8017433,12.35,"TIDCO Apartments, A7 Block, behind collector office, Gayathri Nagar, Dhavaleswaram, Dowlaiswaram, Andhra Pradesh 533124, India",16-02-2026 17:17,14-02-2026 09:03,16-02-2026 20:32,0,9810837508
7702642465,AP,Rajahmundry,WYF,Siva Fiber Good Network,LCORAJAH0002,Conexgen Technologies Pvt Ltd,RLGM3B55A810,nokia,WYF18010101,WYF180101,L3,-20.4dBm,1,2,1,1,2,1,12F,16,"FAT 16F, 1x16 Cassette Splitter, Pigtail 1.5m",LCO,AT OK,,,NEW FAT,16.95364783,81.80144459,16.9537169,81.8013405,13.47,"TIDCO Apartments, A7 Block, behind collector office, Gayathri Nagar, Dhavaleswaram, Dowlaiswaram, Andhra Pradesh 533124, India",16-02-2026 17:12,14-02-2026 09:03,16-02-2026 20:33,0,9810837508
7702642465,AP,Rajahmundry,WYF,Siva Fiber Good Network,LCORAJAH0002,Conexgen Technologies Pvt Ltd,RLGM3B55A810,nokia,WYF17010401,WYF170104,L3,-20.6dBm,1,1,1,1,1,1,12F,16,"FAT 16F, 1x16 Cassette Splitter, Pigtail 1.5m",LCO,AT OK,,,NEW FAT,16.95397688,81.80046022,16.9539931,81.8003913,7.55,"XR32X73, Gayathri Nagar, Bommuru, Dowlaiswaram, Andhra Pradesh 533124, India",16-02-2026 17:01,14-02-2026 09:03,16-02-2026 20:33,1,9810837508
7702642465,AP,Rajahmundry,WYF,Siva Fiber Good Network,LCORAJAH0002,Conexgen Technologies Pvt Ltd,RLGM3B55A810,nokia,WYF17010301,WYF170103,L3,-19.7dBm,1,1,1,1,1,1,12F,16,"FAT 16F, 1x16 Cassette Splitter, Pigtail 1.5m",LCO,AT OK,,,new fat,16.95404455,81.80023357,16.9540683,81.8003667,14.4,"XR32X73, Gayathri Nagar, Bommuru, Dowlaiswaram, Andhra Pradesh 533124, India",16-02-2026 16:44,14-02-2026 09:03,16-02-2026 16:45,0,7300622964
7702642465,AP,Rajahmundry,WYF,Siva Fiber Good Network,LCORAJAH0002,Conexgen Technologies Pvt Ltd,RLGM3B55A810,nokia,WYF17010101,WYF170101,L3,-19.8dBm,1,1,1,1,1,1,12F,16,"FAT 16F, 1x16 Cassette Splitter, Pigtail 1.5m",LCO,AT OK,,,new fat,16.95423408,81.80002436,16.9542333,81.7999917,3.48,"XR32X73, Gayathri Nagar, Bommuru, Dowlaiswaram, Andhra Pradesh 533124, India",16-02-2026 16:36,14-02-2026 09:03,16-02-2026 16:45,0,7300622964
7702642465,AP,Rajahmundry,WYF,Siva Fiber Good Network,LCORAJAH0002,Conexgen Technologies Pvt Ltd,RLGM3B55A810,nokia,WYF26010401,WYF260104,L3,-20.2dBm,1,8,1,1,8,1,12F,16,"FAT 16F, 1x16 Cassette Splitter, Pigtail 1.5m",LCO,AT OK,,,new fat,16.95419175,81.79978196,16.954362,81.7995968,27.32,"XR32X73, Gayathri Nagar, Bommuru, Dowlaiswaram, Andhra Pradesh 533124, India",16-02-2026 16:05,14-02-2026 09:03,16-02-2026 16:46,0,7300622964
7702642465,AP,Rajahmundry,WYF,Siva Fiber Good Network,LCORAJAH0002,Conexgen Technologies Pvt Ltd,RLGM3B55A810,nokia,WYF26010501,WYF260105,L3,-20.3dBm,1,8,1,1,8,1,12F,16,"FAT 16F, 1x16 Cassette Splitter, Pigtail 1.5m",LCO,AT OK,,,new fat,16.95411927,81.79999787,16.9541458,81.7998836,12.51,"XR32X73, Gayathri Nagar, Bommuru, Dowlaiswaram, Andhra Pradesh 533124, India",16-02-2026 15:59,14-02-2026 09:03,16-02-2026 16:46,0,7300622964
7702642465,AP,Rajahmundry,WYF,Siva Fiber Good Network,LCORAJAH0002,Conexgen Technologies Pvt Ltd,RLGM3B55A810,nokia,WYF15010401,WYF150104,L2,-20.3dBm,1,7,1,1,7,1,12F,16,"FAT 16F, 1x16 Cassette Splitter, Pigtail 1.5m",LCO,AT OK,,,New,16.95600693,81.79984264,16.9561229,81.7998519,12.93,"flat no-21, jndustrial Area, D.No-18-336/A, near Alsami, Industrial Estate, Dhavaleswaram, Dowlaiswaram, Andhra Pradesh 533124, India",16-02-2026 14:21,14-02-2026 09:03,16-02-2026 15:27,0,9761333433
7702642465,AP,Rajahmundry,WYF,Siva Fiber Good Network,LCORAJAH0002,Conexgen Technologies Pvt Ltd,RLGM3B55A810,nokia,WYF15010501,WYF150105,L2,-20.5dBm,1,7,1,1,7,1,12F,16,"FAT 16F, 1x16 Cassette Splitter, Pigtail 1.5m",LCO,AT OK,,,New,16.95625964,81.79992478,16.9562055,81.7999649,7.38,"flat no-21, jndustrial Area, D.No-18-336/A, near Alsami, Industrial Estate, Dhavaleswaram, Dowlaiswaram, Andhra Pradesh 533124, India",16-02-2026 14:14,14-02-2026 09:03,16-02-2026 15:28,0,9761333433
7702642465,AP,Rajahmundry,WYF,Siva Fiber Good Network,LCORAJAH0002,Conexgen Technologies Pvt Ltd,RLGM3B55A810,nokia,WYF15010601,WYF150106,L2,-20.5dBm,1,7,1,1,7,1,12F,16,"FAT 16F, 1x16 Cassette Splitter, Pigtail 1.5m",LCO,AT OK,,,New,16.95620673,81.80009812,16.9561179,81.8001099,9.96,"XQ4X8P8, Industrial Estate, Dhavaleswaram, Dowlaiswaram, Andhra Pradesh 533124, India",16-02-2026 14:06,14-02-2026 09:03,16-02-2026 15:28,0,9761333433
7702642465,AP,Rajahmundry,WYF,Siva Fiber Good Network,LCORAJAH0002,Conexgen Technologies Pvt Ltd,RLGM3B55A810,nokia,WYF15010101,WYF150101,L2,-20.4dBm,1,7,1,1,7,1,12F,16,"FAT 16F, 1x16 Cassette Splitter, Pigtail 1.5m",LCO,AT OK,,,New,16.95608582,81.79986712,16.9562258,81.8000117,21.88,"flat no-21, jndustrial Area, D.No-18-336/A, near Alsami, Industrial Estate, Dhavaleswaram, Dowlaiswaram, Andhra Pradesh 533124, India",16-02-2026 14:03,14-02-2026 09:03,16-02-2026 15:28,0,9761333433
7702642465,AP,Rajahmundry,WYF,Siva Fiber Good Network,LCORAJAH0002,Conexgen Technologies Pvt Ltd,RLGM3B55A810,nokia,WYF15010301,WYF150103,L2,-20.6dBm,1,7,1,1,7,1,12F,16,"FAT 16F, 1x16 Cassette Splitter, Pigtail 1.5m",LCO,AT OK,,,New,16.95594696,81.80000827,16.9558831,81.8000397,7.85,"XQ4X8P8, Industrial Estate, Dhavaleswaram, Dowlaiswaram, Andhra Pradesh 533124, India",16-02-2026 13:55,14-02-2026 09:03,16-02-2026 15:29,0,9761333433
7702642465,AP,Rajahmundry,WYF,Siva Fiber Good Network,LCORAJAH0002,Conexgen Technologies Pvt Ltd,RLGM3B55A810,nokia,WYF15010201,WYF150102,L2,-20.7dBm,1,7,1,1,7,1,12F,16,"FAT 16F, 1x16 Cassette Splitter, Pigtail 1.5m",LCO,AT OK,,,New,16.9560467,81.80003878,16.9560744,81.8001051,7.7,"XQ4X8P8, Industrial Estate, Dhavaleswaram, Dowlaiswaram, Andhra Pradesh 533124, India",16-02-2026 13:49,14-02-2026 09:03,16-02-2026 15:29,0,9761333433
7702642465,AP,Rajahmundry,WYF,Siva Fiber Good Network,LCORAJAH0002,Conexgen Technologies Pvt Ltd,RLGM3B55A810,nokia,WYF12010501,WYF120105,L2,-19.9dBm,1,4,1,1,4,1,12F,16,"FAT 16F, 1x16 Cassette Splitter, Pigtail 1.5m",LCO,AT OK,,,New,16.95566731,81.80087965,16.955622,81.8008994,5.46,"XR4239M, Gayathri Nagar, Dhavaleswaram, Dowlaiswaram, Andhra Pradesh 533124, India",16-02-2026 11:07,14-02-2026 09:03,16-02-2026 13:09,0,9761333433
7702642465,AP,Rajahmundry,WYF,Siva Fiber Good Network,LCORAJAH0002,Conexgen Technologies Pvt Ltd,RLGM3B55A810,nokia,WYF12010601,WYF120106,L2,-20dBm,1,4,1,1,4,1,12F,16,"FAT 16F, 1x16 Cassette Splitter, Pigtail 1.5m",LCO,AT OK,,,New,16.95575325,81.80092558,16.9558081,81.8009343,6.17,"XR429FG, Gayathri Nagar, Bommuru, Dowlaiswaram, Andhra Pradesh 533124, India",16-02-2026 11:02,14-02-2026 09:03,16-02-2026 13:09,0,9761333433
7702642465,AP,Rajahmundry,WYF,Siva Fiber Good Network,LCORAJAH0002,Conexgen Technologies Pvt Ltd,RLGM3B55A810,nokia,WYF12010401,WYF120104,L2,-20.5dBm,1,4,1,1,4,1,12F,16,"FAT 16F, 1x16 Cassette Splitter, Pigtail 1.5m",LCO,AT OK,,,New,16.9557199,81.80070329,16.9556794,81.8007161,4.71,"XR4239M, Gayathri Nagar, Dhavaleswaram, Dowlaiswaram, Andhra Pradesh 533124, India",16-02-2026 10:55,14-02-2026 09:03,16-02-2026 13:09,0,9761333433
7702642465,AP,Rajahmundry,WYF,Siva Fiber Good Network,LCORAJAH0002,Conexgen Technologies Pvt Ltd,RLGM3B55A810,nokia,WYF12010301,WYF120103,L2,-20.2dBm,1,4,1,1,4,1,12F,16,"FAT 16F, 1x16 Cassette Splitter, Pigtail 1.5m",LCO,AT OK,,,New,16.95581707,81.80074889,16.9558576,81.8008013,7.17,"XR429FG, Gayathri Nagar, Bommuru, Dowlaiswaram, Andhra Pradesh 533124, India",16-02-2026 10:48,14-02-2026 09:03,16-02-2026 13:09,0,9761333433
7702642465,AP,Rajahmundry,WYF,Siva Fiber Good Network,LCORAJAH0002,Conexgen Technologies Pvt Ltd,RLGM3B55A810,nokia,WYF12010201,WYF120102,L2,-20dBm,1,4,1,1,4,1,12F,16,"FAT 16F, 1x16 Cassette Splitter, Pigtail 1.5m",LCO,AT OK,,,New,16.95597326,81.80080656,16.9559489,81.8008611,6.4,"XR429FG, Gayathri Nagar, Bommuru, Dowlaiswaram, Andhra Pradesh 533124, India",16-02-2026 10:39,14-02-2026 09:03,16-02-2026 13:10,0,9761333433
7702642465,AP,Rajahmundry,WYF,Siva Fiber Good Network,LCORAJAH0002,Conexgen Technologies Pvt Ltd,RLGM3B55A810,nokia,WYF12010101,WYF120101,L2,-20.1dBm,1,4,1,1,4,1,12F,16,"FAT 16F, 1x16 Cassette Splitter, Pigtail 1.5m",LCO,AT OK,,,New,16.95606626,81.80084981,16.9561214,81.8008758,6.73,"Opp. Horlicks Factory, near Tidco Apartments, Gayathri Nagar, Revenue Colony, Dowlaiswaram, 533124, India",16-02-2026 10:36,14-02-2026 09:03,16-02-2026 13:10,0,9761333433
7702642465,AP,Rajahmundry,WYF,Siva Fiber Good Network,LCORAJAH0002,Conexgen Technologies Pvt Ltd,RLGM3B55A810,nokia,WYF11010601,WYF110106,L2,-20.2dBm,1,3,1,1,3,1,12F,16,"FAT 16F, 1x16 Cassette Splitter, Pigtail 1.5m",LCO,AT OK,,,new fat,16.95653769,81.80019669,16.9565177,81.8002013,2.28,"XQ4XXRH, Industrial Estate, Dhavaleswaram, Dowlaiswaram, Andhra Pradesh 533124, India",16-02-2026 10:11,14-02-2026 09:03,16-02-2026 10:15,0,7082815523
7702642465,AP,Rajahmundry,WYF,Siva Fiber Good Network,LCORAJAH0002,Conexgen Technologies Pvt Ltd,RLGM3B55A810,nokia,WYF11010501,WYF110105,L2,-20.7dBm,1,3,1,1,3,1,12F,16,"FAT 16F, 1x16 Cassette Splitter, Pigtail 1.5m",LCO,AT OK,,,new fat,16.95662684,81.80023726,16.956572,81.8002128,6.63,"XQ4XXRH, Industrial Estate, Dhavaleswaram, Dowlaiswaram, Andhra Pradesh 533124, India",16-02-2026 10:07,14-02-2026 09:03,16-02-2026 10:15,0,7082815523
7702642465,AP,Rajahmundry,WYF,Siva Fiber Good Network,LCORAJAH0002,Conexgen Technologies Pvt Ltd,RLGM3B55A810,nokia,WYF11010101,WYF110101,L2,-19.9dBm,1,3,1,1,3,1,12F,16,"FAT 16F, 1x16 Cassette Splitter, Pigtail 1.5m",LCO,AT OK,,,new fat,16.9569376,81.80015277,16.9567636,81.8001021,20.08,"XQ4XXRH, Industrial Estate, Dhavaleswaram, Dowlaiswaram, Andhra Pradesh 533124, India",16-02-2026 10:00,14-02-2026 09:03,16-02-2026 10:15,0,7082815523
7702642465,AP,Rajahmundry,WYF,Siva Fiber Good Network,LCORAJAH0002,Conexgen Technologies Pvt Ltd,RLGM3B55A810,nokia,WYF11010201,WYF110102,L2,-19.9dBm,1,3,1,1,3,1,12F,16,"FAT 16F, 1x16 Cassette Splitter, Pigtail 1.5m",LCO,AT OK,,,new fat,16.95684716,81.8001226,16.9569079,81.800073,8.57,"XR5235G, Industrial Estate, Dhavaleswaram, Dowlaiswaram, Andhra Pradesh 533124, India",16-02-2026 09:52,14-02-2026 09:03,16-02-2026 10:16,0,7082815523
7702642465,AP,Rajahmundry,WYF,Siva Fiber Good Network,LCORAJAH0002,Conexgen Technologies Pvt Ltd,RLGM3B55A810,nokia,WYF11010401,WYF110104,L2,-19.8dBm,1,3,1,1,3,1,12F,16,"FAT 16F, 1x16 Cassette Splitter, Pigtail 1.5m",LCO,AT OK,,,new fat,16.95687827,81.80032611,16.956787,81.800248,13.12,"XR42Q85, Industrial Estate, Dhavaleswaram, Dowlaiswaram, Andhra Pradesh 533124, India",16-02-2026 09:42,14-02-2026 09:03,16-02-2026 10:16,0,7082815523
7702642465,AP,Rajahmundry,WYF,Siva Fiber Good Network,LCORAJAH0002,Conexgen Technologies Pvt Ltd,RLGM3B55A810,nokia,WYF11010301,WYF110103,L2,-19.9dBm,1,3,1,1,3,1,12F,16,"FAT 16F, 1x16 Cassette Splitter, Pigtail 1.5m",LCO,AT OK,,,new fat,16.9567888,81.80029526,16.9568188,81.8003252,4.61,"XR42Q85, Industrial Estate, Dhavaleswaram, Dowlaiswaram, Andhra Pradesh 533124, India",16-02-2026 09:39,14-02-2026 09:03,16-02-2026 10:16,0,7082815523
7702642465,AP,Rajahmundry,WYF,Siva Fiber Good Network,LCORAJAH0002,Conexgen Technologies Pvt Ltd,RLGM3B55A810,nokia,WYF09010801,WYF090108,L2,-19.6dBm,1,1,1,1,1,1,12F,16,"FAT 16F, 1x16 Cassette Splitter, Pigtail 1.5m",LCO,AT OK,,,new fat,16.95756168,81.7993119,16.9575595,81.7993532,4.4,"C13 our community appartment, Industrial Estate, Bommuru, Dowlaiswaram, Andhra Pradesh 533124, India",16-02-2026 08:00,14-02-2026 09:03,16-02-2026 10:17,0,7082815523
7702642465,AP,Rajahmundry,WYF,Siva Fiber Good Network,LCORAJAH0002,Conexgen Technologies Pvt Ltd,RLGM3B55A810,nokia,WYF09010701,WYF090107,L2,-20.8dBm,1,1,1,1,1,1,12F,16,"FAT 16F, 1x16 Cassette Splitter, Pigtail 1.5m",LCO,AT OK,,,new fat,16.95766687,81.79936018,16.9577173,81.7993751,5.83,"C13 our community appartment, Industrial Estate, Bommuru, Dowlaiswaram, Andhra Pradesh 533124, India",16-02-2026 07:56,14-02-2026 09:03,16-02-2026 10:17,0,7082815523
7989157884,AP,Rajahmundry,WYF,Siva Fiber Good Network,LCORAJAH0002,Conexgen Technologies Pvt Ltd,RLGM3B55A810,nokia,WYF09010401,WYF090104,L2,-20.2dBm,1,1,1,1,1,1,12F,16,"FAT 16F, 1x16 Cassette Splitter, Pigtail 1.5m",LCO,AT OK,,,NEW,16.95729807,81.79922707,16.957303,81.7992582,3.36,"XQ4XXRH, Industrial Estate, Dhavaleswaram, Dowlaiswaram, Andhra Pradesh 533124, India",16-02-2026 07:48,14-02-2026 09:03,16-02-2026 07:50,0,7206743535
7702642465,AP,Rajahmundry,WYF,Siva Fiber Good Network,LCORAJAH0002,Conexgen Technologies Pvt Ltd,RLGM3B55A810,nokia,WYF09010601,WYF090106,L2,-20.8dBm,1,1,1,1,1,1,12F,16,"FAT 16F, 1x16 Cassette Splitter, Pigtail 1.5m",LCO,AT OK,,,NEW,16.95772043,81.79919053,16.9577572,81.7992313,5.96,"XQ5X3GX, Industrial Estate, Dhavaleswaram, Dowlaiswaram, Andhra Pradesh 533124, India",16-02-2026 07:48,14-02-2026 09:03,16-02-2026 07:50,0,7206743535
7702642465,AP,Rajahmundry,WYF,Siva Fiber Good Network,LCORAJAH0002,Conexgen Technologies Pvt Ltd,RLGM3B55A810,nokia,WYF09010301,WYF090103,L2,-21.2dBm,1,1,1,1,1,1,12F,16,"FAT 16F, 1x16 Cassette Splitter, Pigtail 1.5m",LCO,AT OK,,,NEW,16.95741095,81.79926395,16.9572603,81.7992609,16.75,"XQ4XXRH, Industrial Estate, Dhavaleswaram, Dowlaiswaram, Andhra Pradesh 533124, India",16-02-2026 07:45,14-02-2026 09:03,16-02-2026 07:50,0,7206743535
7702642465,AP,Rajahmundry,WYF,Siva Fiber Good Network,LCORAJAH0002,Conexgen Technologies Pvt Ltd,RLGM3B55A810,nokia,WYF09010501,WYF090105,L2,-20.2dBm,1,1,1,1,1,1,12F,16,"FAT 16F, 1x16 Cassette Splitter, Pigtail 1.5m",LCO,AT OK,,,NEW,16.95762133,81.79914426,16.9576694,81.7990782,8.83,"XQ5X3GX, Industrial Estate, Dhavaleswaram, Dowlaiswaram, Andhra Pradesh 533124, India",16-02-2026 07:44,14-02-2026 09:03,16-02-2026 07:50,0,7206743535
7702642465,AP,Rajahmundry,WYF,Siva Fiber Good Network,LCORAJAH0002,Conexgen Technologies Pvt Ltd,RLGM3B55A810,nokia,WYF09010101,WYF090101,L2,-19.8dBm,1,1,1,1,1,1,12F,16,"FAT 16F, 1x16 Cassette Splitter, Pigtail 1.5m",LCO,AT OK,,,NEW,16.95734265,81.79905172,16.9572918,81.7989696,10.41,"XQ5X3GX, Industrial Estate, Dhavaleswaram, Dowlaiswaram, Andhra Pradesh 533124, India",16-02-2026 07:35,14-02-2026 09:03,16-02-2026 07:51,0,7206743535
7702642465,AP,Rajahmundry,WYF,Siva Fiber Good Network,LCORAJAH0002,Conexgen Technologies Pvt Ltd,RLGM3B55A810,nokia,WYF09010201,WYF090102,L2,-19.8dBm,1,1,1,1,1,1,12F,16,"FAT 16F, 1x16 Cassette Splitter, Pigtail 1.5m",LCO,AT OK,,,NEW,16.95746387,81.79908559,16.9574589,81.7990647,2.29,"XQ5X3GX, Industrial Estate, Dhavaleswaram, Dowlaiswaram, Andhra Pradesh 533124, India",16-02-2026 07:33,14-02-2026 09:03,16-02-2026 07:51,0,7206743535
7702642465,AP,Rajahmundry,WYF,Siva Fiber Good Network,LCORAJAH0002,Conexgen Technologies Pvt Ltd,RLGM3B55A810,nokia,WYF37010501,WYF370105,L4,-21.8dBm,1,16,1,1,16,1,12F,16,"FAT 16F, 1x16 Cassette Splitter, Pigtail 1.5m",LCO,AT OK,,,NEW,16.95530491,81.80104427,16.9553635,81.8010403,6.53,"XR4239M, Gayathri Nagar, Dhavaleswaram, Dowlaiswaram, Andhra Pradesh 533124, India",15-02-2026 20:59,14-02-2026 09:03,16-02-2026 07:52,0,7206743535
7702642465,AP,Rajahmundry,WYF,Siva Fiber Good Network,LCORAJAH0002,Conexgen Technologies Pvt Ltd,RLGM3B55A810,nokia,WYF37010601,WYF370106,L4,-21.8dBm,1,16,1,1,16,1,12F,16,"FAT 16F, 1x16 Cassette Splitter, Pigtail 1.5m",LCO,AT OK,,,NEW,16.95521191,81.80100773,16.9552573,81.8009714,6.36,"XR4239M, Gayathri Nagar, Dhavaleswaram, Dowlaiswaram, Andhra Pradesh 533124, India",15-02-2026 20:56,14-02-2026 09:03,16-02-2026 07:52,0,7206743535
7702642465,AP,Rajahmundry,WYF,Siva Fiber Good Network,LCORAJAH0002,Conexgen Technologies Pvt Ltd,RLGM3B55A810,nokia,WYF37010201,WYF370102,L4,-21.8dBm,1,16,1,1,16,1,12F,16,"FAT 16F, 1x16 Cassette Splitter, Pigtail 1.5m",LCO,AT OK,,,new,16.95511794,81.80130646,16.955096,81.8013339,3.8,"TIDCO Apartments, behind collector office, Gayathri Nagar, Dhavaleswaram, Dowlaiswaram, Andhra Pradesh 533124, India",15-02-2026 20:46,14-02-2026 09:03,15-02-2026 20:51,0,8757843404
7702642465,AP,Rajahmundry,WYF,Siva Fiber Good Network,LCORAJAH0002,Conexgen Technologies Pvt Ltd,RLGM3B55A810,nokia,WYF37010301,WYF370103,L4,-21.9dBm,1,16,1,1,16,1,12F,16,"FAT 16F, 1x16 Cassette Splitter, Pigtail 1.5m",LCO,AT OK,,,newHR,16.95516477,81.80115927,16.9551224,81.8012076,6.97,"TIDCO Apartments, A7 Block, behind collector office, Gayathri Nagar, Dhavaleswaram, Dowlaiswaram, Andhra Pradesh 533124, India",15-02-2026 20:37,14-02-2026 09:03,15-02-2026 20:52,0,8757843404
7702642465,AP,Rajahmundry,WYF,Siva Fiber Good Network,LCORAJAH0002,Conexgen Technologies Pvt Ltd,RLGM3B55A810,nokia,WYF37010101,WYF370101,L4,-22dBm,1,16,1,1,16,1,12F,16,"FAT 16F, 1x16 Cassette Splitter, Pigtail 1.5m",LCO,AT OK,,,newHR,16.95521063,81.80133797,16.9552217,81.8012683,7.51,"XR424G, Gayathri Nagar, Dhavaleswaram, Dowlaiswaram, Andhra Pradesh 533124, India",15-02-2026 20:36,14-02-2026 09:03,15-02-2026 20:52,1,8757843404
7702642465,AP,Rajahmundry,WYF,Siva Fiber Good Network,LCORAJAH0002,Conexgen Technologies Pvt Ltd,RLGM3B55A810,nokia,WYF37010401,WYF370104,L4,-21.8dBm,1,16,1,1,16,1,12F,16,"FAT 16F, 1x16 Cassette Splitter, Pigtail 1.5m",LCO,AT OK,,,NEW HR,16.95524751,81.80119749,16.9553031,81.8012664,9.59,"XR424G, Gayathri Nagar, Dhavaleswaram, Dowlaiswaram, Andhra Pradesh 533124, India",15-02-2026 20:29,14-02-2026 09:03,15-02-2026 20:29,0,6005618032
7702642465,AP,Rajahmundry,WYF,Siva Fiber Good Network,LCORAJAH0002,Conexgen Technologies Pvt Ltd,RLGM3B55A810,nokia,WYF37010801,WYF370108,L4,-22dBm,1,16,1,1,16,1,12F,16,"FAT 16F, 1x16 Cassette Splitter, Pigtail 1.5m",LCO,AT OK,,,new,16.95497587,81.8017631,16.954965,81.8017183,4.92,"opp. Horlics Factory, Gayathri Nagar, Dhavaleswaram, Dowlaiswaram, Andhra Pradesh 533124, India",15-02-2026 20:01,14-02-2026 09:03,15-02-2026 20:14,0,7018998445
7702642465,AP,Rajahmundry,WYF,Siva Fiber Good Network,LCORAJAH0002,Conexgen Technologies Pvt Ltd,RLGM3B55A810,nokia,WYF13010801,WYF130108,L2,-19.8dBm,1,5,1,1,5,1,12F,8,"FAT 16F, 1x8 Cassette Splitter, Pigtail 1.5m",LCO,AT OK,,,new,16.95527765,81.80303346,16.9551476,81.8028385,25.28,"XR422X, Gayathri Nagar, Dhavaleswaram, Dowlaiswaram, Andhra Pradesh 533124, India",15-02-2026 19:52,14-02-2026 09:03,15-02-2026 20:14,0,7018998445
7702642465,AP,Rajahmundry,WYF,Siva Fiber Good Network,LCORAJAH0002,Conexgen Technologies Pvt Ltd,RLGM3B55A810,nokia,WYF13010701,WYF130107,L2,-19.8dBm,1,5,1,1,5,1,12F,8,"FAT 16F, 1x8 Cassette Splitter, Pigtail 1.5m",LCO,AT OK,,,NEW,16.95531229,81.80243701,16.9553317,81.8023846,5.98,"XR422X, Gayathri Nagar, Dhavaleswaram, Dowlaiswaram, Andhra Pradesh 533124, India",15-02-2026 19:46,14-02-2026 09:03,15-02-2026 19:48,0,8546094532
7702642465,AP,Rajahmundry,WYF,Siva Fiber Good Network,LCORAJAH0002,Conexgen Technologies Pvt Ltd,RLGM3B55A810,nokia,WYF13010601,WYF130106,L2,-20.2dBm,1,5,1,1,5,1,12F,8,"FAT 16F, 1x8 Cassette Splitter, Pigtail 1.5m",LCO,AT OK,,,NEW,16.95512051,81.80208094,16.9551533,81.8020433,5.42,"XR422X, Gayathri Nagar, Dhavaleswaram, Dowlaiswaram, Andhra Pradesh 533124, India",15-02-2026 19:33,14-02-2026 09:03,15-02-2026 19:48,0,8546094532
7702642465,AP,Rajahmundry,WYF,Siva Fiber Good Network,LCORAJAH0002,Conexgen Technologies Pvt Ltd,RLGM3B55A810,nokia,WYF13010401,WYF130104,L2,-19.9dBm,1,5,1,1,5,1,12F,8,"FAT 16F, 1x8 Cassette Splitter, Pigtail 1.5m",LCO,AT OK,,,NEW,16.95599923,81.80259962,16.9560333,81.8025417,7.23,"XR43C5, Gayathri Nagar, Dhavaleswaram, Dowlaiswaram, Andhra Pradesh 533124, India",15-02-2026 19:11,14-02-2026 09:03,15-02-2026 19:49,0,8546094532
7702642465,AP,Rajahmundry,WYF,Siva Fiber Good Network,LCORAJAH0002,Conexgen Technologies Pvt Ltd,RLGM3B55A810,nokia,WYF13010301,WYF130103,L2,-19.9dBm,1,5,1,1,5,1,12F,8,"FAT 16F, 1x8 Cassette Splitter, Pigtail 1.5m",LCO,AT OK,,,NEW,16.95663486,81.8022982,16.9566779,81.8022304,8.66,"XR43C5, Gayathri Nagar, Dhavaleswaram, Dowlaiswaram, Andhra Pradesh 533124, India",15-02-2026 19:06,14-02-2026 09:03,15-02-2026 19:49,0,8546094532
7702642465,AP,Rajahmundry,WYF,Siva Fiber Good Network,LCORAJAH0002,Conexgen Technologies Pvt Ltd,RLGM3B55A810,nokia,WYF04010501,WYF040105,L1,-18.3dBm,1,4,1,1,4,1,12F,8,"FAT 16F, 1x8 Cassette Splitter, Pigtail 1.5m",LCO,AT OK,,,NEW,16.95908403,81.80232804,16.9591298,81.8023039,5.7,"G-F-8, Industrial Estate, Dhavaleswaram, Dowlaiswaram, Andhra Pradesh 533124, India",15-02-2026 18:53,14-02-2026 09:03,15-02-2026 19:49,0,8546094532
7989157884,AP,Rajahmundry,WYF,Siva Fiber Good Network,LCORAJAH0002,Conexgen Technologies Pvt Ltd,RLGM3B55A810,nokia,WYF04010601,WYF040106,L1,-18.3dBm,1,4,1,1,4,1,12F,8,"FAT 16F, 1x8 Cassette Splitter, Pigtail 1.5m",LCO,AT OK,,,NEW,16.95878963,81.80235989,16.9588319,81.8024222,8.12,"XR53M57, Industrial Estate, Dhavaleswaram, Dowlaiswaram, Andhra Pradesh 533124, India",15-02-2026 18:48,14-02-2026 09:03,15-02-2026 19:50,0,8546094532
7702642465,AP,Rajahmundry,WYF,Siva Fiber Good Network,LCORAJAH0002,Conexgen Technologies Pvt Ltd,RLGM3B55A810,nokia,WYF04010701,WYF040107,L1,-18.7dBm,1,4,1,1,4,1,12F,16,"FAT 16F, 1x16 Cassette Splitter, Pigtail 1.5m",LCO,AT OK,,,new,16.95882683,81.80190325,16.9588571,81.8018579,5.88,"XR52GM3, Industrial Estate, Bommuru, Dowlaiswaram, Andhra Pradesh 533124, India",15-02-2026 18:42,14-02-2026 09:03,15-02-2026 18:45,0,6005618032
7989157884,AP,Rajahmundry,WYF,Siva Fiber Good Network,LCORAJAH0002,Conexgen Technologies Pvt Ltd,RLGM3B55A810,nokia,WYF04010301,WYF040103,L1,-18.6dBm,1,4,1,1,4,1,12F,8,"FAT 16F, 1x8 Cassette Splitter, Pigtail 1.5m",LCO,AT OK,,,new,16.95925496,81.80150192,16.9592033,81.8014433,8.48,"XR52QF4, Industrial Estate, Dhavaleswaram, Dowlaiswaram, Andhra Pradesh 533124, India",15-02-2026 18:37,14-02-2026 09:03,15-02-2026 18:45,0,6005618032
7702642465,AP,Rajahmundry,WYF,Siva Fiber Good Network,LCORAJAH0002,Conexgen Technologies Pvt Ltd,RLGM3B55A810,nokia,WYF04010101,WYF040101,L1,-18.2dBm,1,4,1,1,4,1,12F,16,"FAT 16F, 1x16 Cassette Splitter, Pigtail 1.5m",LCO,AT OK,,,new,16.95922803,81.80201422,16.9592776,81.8020079,5.55,"XR52VM3, beside DIET college, near Current office, Industrial Estate, Dhavaleswaram, Dowlaiswaram, Andhra Pradesh 533124, India",15-02-2026 18:27,14-02-2026 09:03,15-02-2026 18:45,0,6005618032
7702642465,AP,Rajahmundry,WYF,Siva Fiber Good Network,LCORAJAH0002,Conexgen Technologies Pvt Ltd,RLGM3B55A810,nokia,WYF04010201,WYF040102,L1,-18.2dBm,1,4,1,1,4,1,12F,8,"FAT 16F, 1x8 Cassette Splitter, Pigtail 1.5m",LCO,AT OK,,,new,16.95938485,81.8019237,16.9593733,81.801835,9.52,"XR52VM3, beside DIET college, near Current office, Industrial Estate, Dhavaleswaram, Dowlaiswaram, Andhra Pradesh 533124, India",15-02-2026 18:23,14-02-2026 09:03,15-02-2026 18:45,0,6005618032
7989157884,AP,Rajahmundry,WYF,Siva Fiber Good Network,LCORAJAH0002,Conexgen Technologies Pvt Ltd,RLGM3B55A810,nokia,WYF03010601,WYF030106,L1,-19.1dBm,1,3,1,1,3,1,12F,8,"FAT 16F, 1x8 Cassette Splitter, Pigtail 1.5m",LCO,AT OK,,,new,16.95982773,81.80169336,16.9599153,81.8016434,11.09,"XR52WMG, Industrial Estate, Dhavaleswaram, Dowlaiswaram, Andhra Pradesh 533124, India",15-02-2026 18:13,14-02-2026 09:03,15-02-2026 18:46,0,6005618032
7702642465,AP,Rajahmundry,WYF,Siva Fiber Good Network,LCORAJAH0002,Conexgen Technologies Pvt Ltd,RLGM3B55A810,nokia,WYF03010701,WYF030107,L1,-18.4dBm,1,3,1,1,3,1,12F,8,"FAT 16F, 1x8 Cassette Splitter, Pigtail 1.5m",LCO,AT OK,,,NEW,16.95958656,81.80155959,16.9596954,81.8015257,12.63,"XR52VM3, beside DIET college, near Current office, Industrial Estate, Dhavaleswaram, Dowlaiswaram, Andhra Pradesh 533124, India",18-02-2026 15:23,14-02-2026 09:03,18-02-2026 18:26,1,7018998445
7702642465,AP,Rajahmundry,WYF,Siva Fiber Good Network,LCORAJAH0002,Conexgen Technologies Pvt Ltd,RLGM3B55A810,nokia,WYF03010501,WYF030105,L1,-18.6dBm,1,3,1,1,3,1,12F,8,"FAT 16F, 1x8 Cassette Splitter, Pigtail 1.5m",LCO,AT OK,,,NEW,16.95962922,81.80188179,16.9596811,81.8018227,8.53,"XR52VM3, beside DIET college, near Current office, Industrial Estate, Dhavaleswaram, Dowlaiswaram, Andhra Pradesh 533124, India",19-02-2026 09:16,14-02-2026 09:03,19-02-2026 14:34,2,7018998445
7702642465,AP,Rajahmundry,WYF,Siva Fiber Good Network,LCORAJAH0002,Conexgen Technologies Pvt Ltd,RLGM3B55A810,nokia,WYF03010101,WYF030101,L1,-21.4dBm,1,3,1,1,3,1,12F,16,"FAT 16F, 1x16 Cassette Splitter, Pigtail 1.5m",LCO,AT OK,,,new,16.95981746,81.80226669,16.9597729,81.8022918,5.63,"G-F-8, Industrial Estate, Dhavaleswaram, Dowlaiswaram, Andhra Pradesh 533124, India",15-02-2026 17:58,14-02-2026 09:03,15-02-2026 18:46,0,6005618032
7702642465,AP,Rajahmundry,WYF,Siva Fiber Good Network,LCORAJAH0002,Conexgen Technologies Pvt Ltd,RLGM3B55A810,nokia,WYF03010201,WYF030102,L1,-21.4dBm,1,3,1,1,3,1,12F,16,"FAT 16F, 1x16 Cassette Splitter, Pigtail 1.5m",LCO,AT OK,,,new,16.9599916,81.80202361,16.9598691,81.8018483,23.09,"XR52WMG, Industrial Estate, Dhavaleswaram, Dowlaiswaram, Andhra Pradesh 533124, India",15-02-2026 17:54,14-02-2026 09:03,15-02-2026 18:47,0,6005618032
7702642465,AP,Rajahmundry,WYF,Siva Fiber Good Network,LCORAJAH0002,Conexgen Technologies Pvt Ltd,RLGM3B55A810,nokia,WYF03010301,WYF030103,L1,-21.1dBm,1,3,1,1,3,1,12F,16,"FAT 16F, 1x16 Cassette Splitter, Pigtail 1.5m",LCO,AT OK,,,new,16.96015804,81.8021879,16.9602107,81.802134,8.19,"XR624V4, Industrial Estate, Dhavaleswaram, Dowlaiswaram, Andhra Pradesh 533124, India",15-02-2026 17:47,14-02-2026 09:03,15-02-2026 18:47,0,6005618032
7989157884,AP,Rajahmundry,WYF,Siva Fiber Good Network,LCORAJAH0002,Conexgen Technologies Pvt Ltd,RLGM3B55A810,nokia,WYF02010601,WYF020106,L1,-20.6dBm,1,2,1,1,2,1,12F,16,"FAT 16F, 1x16 Cassette Splitter, Pigtail 1.5m",LCO,AT OK,,,new,16.96023212,81.80221237,16.9602117,81.8021883,3.42,"XR624V4, Industrial Estate, Dhavaleswaram, Dowlaiswaram, Andhra Pradesh 533124, India",15-02-2026 17:41,14-02-2026 09:03,15-02-2026 18:47,0,6005618032
7702642465,AP,Rajahmundry,WYF,Siva Fiber Good Network,LCORAJAH0002,Conexgen Technologies Pvt Ltd,RLGM3B55A810,nokia,WYF02010501,WYF020105,L1,-20.1dBm,1,2,1,1,2,1,12F,16,"FAT 16F, 1x16 Cassette Splitter, Pigtail 1.5m",LCO,AT OK,,,new,16.96038702,81.80200551,16.9603497,81.8019746,5.29,"XR624V4, Industrial Estate, Dhavaleswaram, Dowlaiswaram, Andhra Pradesh 533124, India",15-02-2026 17:38,14-02-2026 09:03,15-02-2026 18:47,0,6005618032
7702642465,AP,Rajahmundry,WYF,Siva Fiber Good Network,LCORAJAH0002,Conexgen Technologies Pvt Ltd,RLGM3B55A810,nokia,WYF02010401,WYF020104,L1,-20.1dBm,1,2,1,1,2,1,12F,16,"FAT 16F, 1x16 Cassette Splitter, Pigtail 1.5m",LCO,AT OK,,,new,16.96025874,81.80262443,16.9602317,81.8025567,7.81,"XR624V4, Industrial Estate, Dhavaleswaram, Dowlaiswaram, Andhra Pradesh 533124, India",15-02-2026 17:33,14-02-2026 09:03,15-02-2026 18:48,0,6005618032
7702642465,AP,Rajahmundry,WYF,Siva Fiber Good Network,LCORAJAH0002,Conexgen Technologies Pvt Ltd,RLGM3B55A810,nokia,WYF02010301,WYF020103,L1,-19.2dBm,1,2,1,1,2,1,12F,16,"FAT 16F, 1x16 Cassette Splitter, Pigtail 1.5m",LCO,AT OK,,,New,16.96041331,81.80237968,16.9604306,81.8023251,6.12,"XR624V4, Industrial Estate, Dhavaleswaram, Dowlaiswaram, Andhra Pradesh 533124, India",15-02-2026 10:33,14-02-2026 09:03,15-02-2026 10:57,0,6397217612
7702642465,AP,Rajahmundry,WYF,Siva Fiber Good Network,LCORAJAH0002,Conexgen Technologies Pvt Ltd,RLGM3B55A810,nokia,WYF02010201,WYF020102,L1,-19.3dBm,1,2,1,1,2,1,12F,16,"FAT 16F, 1x16 Cassette Splitter, Pigtail 1.5m",LCO,AT OK,,,New,16.96056885,81.80213962,16.9605989,81.8021619,4.1,"XR624V4, Industrial Estate, Dhavaleswaram, Dowlaiswaram, Andhra Pradesh 533124, India",15-02-2026 10:27,14-02-2026 09:03,15-02-2026 10:57,0,6397217612
7702642465,AP,Rajahmundry,WYF,Siva Fiber Good Network,LCORAJAH0002,Conexgen Technologies Pvt Ltd,RLGM3B55A810,nokia,WYF07010401,WYF070104,L1,-19.9dBm,1,7,1,1,7,1,12F,16,"FAT 16F, 1x16 Cassette Splitter, Pigtail 1.5m",LCO,AT OK,,,NEW FAT,16.95785769,81.79970752,16.9578431,81.7997317,3.04,"XQ4XXRH, Industrial Estate, Dhavaleswaram, Dowlaiswaram, Andhra Pradesh 533124, India",15-02-2026 10:13,14-02-2026 09:03,15-02-2026 11:04,0,8853591284
7702642465,AP,Rajahmundry,WYF,Siva Fiber Good Network,LCORAJAH0002,Conexgen Technologies Pvt Ltd,RLGM3B55A810,nokia,WYF07010301,WYF070103,L1,-21dBm,1,7,1,1,7,1,12F,16,"FAT 16F, 1x16 Cassette Splitter, Pigtail 1.5m",LCO,AT OK,,,NEW FAT,16.95796256,81.79975145,16.9580236,81.7997973,8.36,"C13 our community appartment, Industrial Estate, Bommuru, Dowlaiswaram, Andhra Pradesh 533124, India",15-02-2026 10:08,14-02-2026 09:03,15-02-2026 11:05,0,8853591284
7702642465,AP,Rajahmundry,WYF,Siva Fiber Good Network,LCORAJAH0002,Conexgen Technologies Pvt Ltd,RLGM3B55A810,nokia,WYF07010201,WYF070102,L1,-20.5dBm,1,7,1,1,7,1,12F,16,"FAT 16F, 1x16 Cassette Splitter, Pigtail 1.5m",LCO,AT OK,,,NEW FAT,16.95729133,81.79999217,16.9572247,81.800006,7.55,"XR5235G, Industrial Estate, Dhavaleswaram, Dowlaiswaram, Andhra Pradesh 533124, India",15-02-2026 09:51,14-02-2026 09:03,15-02-2026 11:05,0,8853591284
7702642465,AP,Rajahmundry,WYF,Siva Fiber Good Network,LCORAJAH0002,Conexgen Technologies Pvt Ltd,RLGM3B55A810,nokia,WYF07010101,WYF070101,L1,-20.3dBm,1,7,1,1,7,1,12F,16,"FAT 16F, 1x16 Cassette Splitter, Pigtail 1.5m",LCO,AT OK,,,NEW FAT,16.95739813,81.80003174,16.9574407,81.8000905,7.84,"XR5235G, Industrial Estate, Dhavaleswaram, Dowlaiswaram, Andhra Pradesh 533124, India",15-02-2026 09:48,14-02-2026 09:03,15-02-2026 11:05,0,8853591284
7702642465,AP,Rajahmundry,WYF,Siva Fiber Good Network,LCORAJAH0002,Conexgen Technologies Pvt Ltd,RLGM3B55A810,nokia,WYF08010501,WYF080105,L1,-21.5dBm,1,8,1,1,8,1,12F,16,"FAT 16F, 1x16 Cassette Splitter, Pigtail 1.5m",LCO,AT OK,,,NEW FAT,16.95771273,81.79888207,16.9576571,81.7989141,7.06,"XQ5X3GX, Industrial Estate, Dhavaleswaram, Dowlaiswaram, Andhra Pradesh 533124, India",15-02-2026 09:09,14-02-2026 09:03,15-02-2026 11:06,0,8853591284
7702642465,AP,Rajahmundry,WYF,Siva Fiber Good Network,LCORAJAH0002,Conexgen Technologies Pvt Ltd,RLGM3B55A810,nokia,WYF08010601,WYF080106,L1,-21.4dBm,1,8,1,1,8,1,12F,16,"FAT 16F, 1x16 Cassette Splitter, Pigtail 1.5m",LCO,AT OK,,,NEW FAT,16.95781792,81.79893002,16.9578659,81.7989653,6.52,"XQ5X3GX, Industrial Estate, Dhavaleswaram, Dowlaiswaram, Andhra Pradesh 533124, India",15-02-2026 09:04,14-02-2026 09:03,15-02-2026 11:07,0,8853591284
7702642465,AP,Rajahmundry,WYF,Siva Fiber Good Network,LCORAJAH0002,Conexgen Technologies Pvt Ltd,RLGM3B55A810,nokia,WYF08010801,WYF080108,L1,-21.4dBm,1,8,1,1,8,1,12F,16,"FAT 16F, 1x16 Cassette Splitter, Pigtail 1.5m",LCO,AT OK,,,new wall,16.95775891,81.79871544,16.9577962,81.7986382,9.2,"XQ5X3GX, Industrial Estate, Dhavaleswaram, Dowlaiswaram, Andhra Pradesh 533124, India",15-02-2026 08:54,14-02-2026 09:03,15-02-2026 12:57,0,7018998445
7702642465,AP,Rajahmundry,WYF,Siva Fiber Good Network,LCORAJAH0002,Conexgen Technologies Pvt Ltd,RLGM3B55A810,nokia,WYF08010701,WYF080107,L1,-21.1dBm,1,8,1,1,8,1,12F,16,"FAT 16F, 1x16 Cassette Splitter, Pigtail 1.5m",LCO,AT OK,,,new wall,16.95788014,81.79874428,16.957922,81.7988064,8.08,"XQ5X3GX, Industrial Estate, Dhavaleswaram, Dowlaiswaram, Andhra Pradesh 533124, India",15-02-2026 08:48,14-02-2026 09:03,15-02-2026 12:57,0,7018998445
7702642465,AP,Rajahmundry,WYF,Siva Fiber Good Network,LCORAJAH0002,Conexgen Technologies Pvt Ltd,RLGM3B55A810,nokia,WYF08010401,WYF080104,L1,-20.7dBm,1,8,1,1,8,1,12F,16,"FAT 16F, 1x16 Cassette Splitter, Pigtail 1.5m",LCO,AT OK,,,new,16.95754693,81.79882105,16.9574128,81.7987115,18.93,"XQ5X3GX, Industrial Estate, Dhavaleswaram, Dowlaiswaram, Andhra Pradesh 533124, India",15-02-2026 08:34,14-02-2026 09:03,15-02-2026 12:57,0,7018998445
7702642465,AP,Rajahmundry,WYF,Siva Fiber Good Network,LCORAJAH0002,Conexgen Technologies Pvt Ltd,RLGM3B55A810,nokia,WYF08010301,WYF080103,L1,-22dBm,1,8,1,1,8,1,12F,16,"FAT 16F, 1x16 Cassette Splitter, Pigtail 1.5m",LCO,AT OK,,,new wall,16.95743276,81.79879557,16.9576089,81.7988052,19.61,"XQ5X3GX, Industrial Estate, Dhavaleswaram, Dowlaiswaram, Andhra Pradesh 533124, India",15-02-2026 08:21,14-02-2026 09:03,15-02-2026 12:58,0,7018998445
7702642465,AP,Rajahmundry,WYF,Siva Fiber Good Network,LCORAJAH0002,Conexgen Technologies Pvt Ltd,RLGM3B55A810,nokia,WYF08010101,WYF080101,L1,-22dBm,1,8,1,1,8,1,12F,16,"FAT 16F, 1x16 Cassette Splitter, Pigtail 1.5m",LCO,AT OK,,,new wall,16.95760177,81.7986561,16.9575582,81.7986363,5.28,"XQ5X3GX, Industrial Estate, Dhavaleswaram, Dowlaiswaram, Andhra Pradesh 533124, India",15-02-2026 08:02,14-02-2026 09:03,15-02-2026 12:58,0,7018998445
7702642465,AP,Rajahmundry,WYF,Siva Fiber Good Network,LCORAJAH0002,Conexgen Technologies Pvt Ltd,SROTFB033860,nokia,WYF05010801,WYF050108,L1,-19dBm,1,5,1,1,5,1,12F,16,"FAT 16F, 1x16 Cassette Splitter, Pigtail 1.5m",LCO,AT OK,,,NEW High Rise,16.95814535,81.79883782,16.95821,81.799,18.69,"XQ4XXRH, Industrial Estate, Dhavaleswaram, Dowlaiswaram, Andhra Pradesh 533124, India",14-02-2026 18:03,14-02-2026 09:03,14-02-2026 20:32,0,8546094532
7702642465,AP,Rajahmundry,WYF,Siva Fiber Good Network,LCORAJAH0002,Conexgen Technologies Pvt Ltd,SROTFB033860,nokia,WYF05010701,WYF050107,L1,-19dBm,1,5,1,1,5,1,12F,16,"FAT 16F, 1x16 Cassette Splitter, Pigtail 1.5m",LCO,AT OK,,,NEW High Rise,16.95808795,81.79901216,16.9580522,81.7989905,4.59,"XQ5X3GX, Industrial Estate, Dhavaleswaram, Dowlaiswaram, Andhra Pradesh 533124, India",14-02-2026 18:00,14-02-2026 09:03,14-02-2026 20:32,0,8546094532
7702642465,AP,Rajahmundry,WYF,Siva Fiber Good Network,LCORAJAH0002,Conexgen Technologies Pvt Ltd,SROTFB033860,nokia,WYF05010501,WYF050105,L1,-18dBm,1,5,1,1,5,1,12F,16,"FAT 16F, 1x16 Cassette Splitter, Pigtail 1.5m",LCO,AT OK,,,NEW High Rise,16.9582592,81.79887705,16.9582943,81.7988254,6.74,"XQ4XXRH, Industrial Estate, Dhavaleswaram, Dowlaiswaram, Andhra Pradesh 533124, India",14-02-2026 17:53,14-02-2026 09:03,14-02-2026 20:33,0,8546094532
7702642465,AP,Rajahmundry,WYF,Siva Fiber Good Network,LCORAJAH0002,Conexgen Technologies Pvt Ltd,SROTFB033860,nokia,WYF05010601,WYF050106,L1,-19dBm,1,5,1,1,5,1,12F,16,"FAT 16F, 1x16 Cassette Splitter, Pigtail 1.5m",LCO,AT OK,,,NEW High Rise,16.95819442,81.79903295,16.9580472,81.7987566,33.64,"XQ5X3GX, Industrial Estate, Dhavaleswaram, Dowlaiswaram, Andhra Pradesh 533124, India",14-02-2026 17:49,14-02-2026 09:03,14-02-2026 20:33,0,8546094532
7702642465,AP,Rajahmundry,WYF,Siva Fiber Good Network,LCORAJAH0002,Conexgen Technologies Pvt Ltd,RLGM3B55A810,nokia,WYF05010401,WYF050104,L1,-21.8dBm,1,5,1,1,5,1,12F,16,"FAT 16F, 1x16 Cassette Splitter, Pigtail 1.5m",LCO,AT OK,,,new wall/hr,16.95846605,81.79914091,16.9584725,81.7992299,9.49,"govt it collage, c1, near collater offics, ap dico, Industrial Estate, Dhavaleswaram, Rajamahendravaram, Dowlaiswaram, Andhra Pradesh 533124, India",15-02-2026 07:29,14-02-2026 09:03,15-02-2026 12:58,1,7018998445
7702642465,AP,Rajahmundry,WYF,Siva Fiber Good Network,LCORAJAH0002,Conexgen Technologies Pvt Ltd,RLGM3B55A810,nokia,WYF05010301,WYF050103,L1,-20.9dBm,1,5,1,1,5,1,12F,16,"FAT 16F, 1x16 Cassette Splitter, Pigtail 1.5m",LCO,AT OK,,,NEW High Rise,16.95835605,81.79910235,16.9582774,81.7991255,9.09,"XQ4XXRH, Industrial Estate, Dhavaleswaram, Dowlaiswaram, Andhra Pradesh 533124, India",14-02-2026 12:16,14-02-2026 09:03,14-02-2026 20:33,0,8546094532
7702642465,AP,Rajahmundry,WYF,Siva Fiber Good Network,LCORAJAH0002,Conexgen Technologies Pvt Ltd,RLGM3B55A810,nokia,WYF05010201,WYF050102,L1,-20.4dBm,1,5,1,1,5,1,12F,16,"FAT 16F, 1x16 Cassette Splitter, Pigtail 1.5m",LCO,AT OK,,,NEW High Rise,16.95841089,81.79893069,16.9583817,81.79887,7.23,"XQ4XXRH, Industrial Estate, Dhavaleswaram, Dowlaiswaram, Andhra Pradesh 533124, India",14-02-2026 12:07,14-02-2026 09:03,14-02-2026 20:33,0,8546094532
7702642465,AP,Rajahmundry,WYF,Siva Fiber Good Network,LCORAJAH0002,Conexgen Technologies Pvt Ltd,RLGM3B55A810,nokia,WYF05010101,WYF050101,L1,-20.6dBm,1,5,1,1,5,1,12F,16,"FAT 16F, 1x16 Cassette Splitter, Pigtail 1.5m",LCO,AT OK,,,new fat HDO approval,16.95853692,81.79897361,16.9586732,81.7988749,18.44,"govt it collage, c1, near collater offics, ap dico, Industrial Estate, Dhavaleswaram, Rajamahendravaram, Dowlaiswaram, Andhra Pradesh 533124, India",14-02-2026 11:46,14-02-2026 09:03,14-02-2026 11:52,0,7300622964
